url,headline,image
/en/news-in-english/19/2050316/lithuania-to-use-eur243m-bank-solidarity-tax-revenue-to-fund-military-projects,Lithuania to use â¬243m bank âsolidarityâ tax revenue to fund military projects,/img/2019/04/16/410807-1090-150x84.jpg
/en/news-in-english/19/2050191/matter-of-time-until-lithuania-closes-belarus-border-says-mp,"Matter of time until Lithuania closes Belarus border, says MP",/img/2022/05/08/1255124-807699-150x84.jpg
/en/news-in-english/19/2050171/lithuania-s-jewish-community-calls-to-remove-monument-of-accused-nazi-collaborator,Lithuaniaâs Jewish community calls to remove monument of accused Nazi collaborator,/img/2019/07/09/466973-131105-150x84.jpg
/en/news-in-english/19/2049675/lrt-english-newsletter-one-hundred-wagnerites-at-the-pass-of-suwalki,LRT English Newsletter: One hundred Wagnerites at the pass of Suwalki,/img/2023/08/03/1563144-839567-150x84.jpg
/en/news-in-english/19/2049707/zurauskas-appointed-lithuania-s-ambassador-to-romania,Å½urauskas appointed Lithuania's ambassador to Romania,/img/2021/06/11/988108-396135-150x84.jpg
/en/news-in-english/19/2049627/brussels-welcomes-baltic-deal-to-speed-up-decoupling-from-russian-power-grid,Brussels welcomes Baltic deal to speed up decoupling from Russian power grid,/img/2022/12/29/1417605-586210-150x84.jpg
/en/news-in-english/19/2049558/poland-positive-about-easing-ukrainian-grain-transit-to-baltic-states,Poland âpositiveâ about easing Ukrainian grain transit to Baltic states,/img/2022/05/31/1273020-347710-150x84.png
/en/news-in-english/19/2049367/wagner-takes-up-positions-near-polish-lithuanian-borders-says-president,"Wagner âtakes up positionsâ near Polish, Lithuanian borders, says president",/img/2023/08/03/1563105-666077-150x84.jpg
/en/news-in-english/19/2049289/panic-in-warsaw-about-wagner-is-absurd-says-polish-colonel,"Panic in Warsaw about Wagner is âabsurdâ, says Polish colonel",/img/2023/07/17/1552489-864-150x84.jpg
/en/news-in-english/19/2049214/some-140-lithuanian-companies-continue-working-in-russia,Some 140 Lithuanian companies continue working in Russia,/img/2019/06/05/443063-83143-150x84.jpg
/en/news-in-english/19/2048699/sovereigns-what-s-behind-the-anti-state-movement-in-lithuania,Sovereigns â whatâs behind the anti-state movement in Lithuania?,/img/2023/08/02/1562672-922656-150x84.jpg
/en/news-in-english/19/2048905/lithuania-marks-roma-genocide-remembrance-day,Lithuania marks Roma Genocide Remembrance Day,/img/2023/08/02/1562654-246259-150x84.jpg
/en/news-in-english/19/2048797/lithuanian-defence-minister-insists-he-did-not-reveal-classified-information,Lithuanian defence minister insists he did not reveal classified information,/img/2023/08/01/1561921-59996-150x84.jpg
/en/news-in-english/19/2048748/baltics-agree-to-unplug-from-russian-power-grid-in-february-2025,Baltics agree to unplug from Russian power grid in February 2025,/img/2023/05/29/1521215-560941-150x84.jpg
/en/news-in-english/19/2048628/lithuanian-parents-face-child-abduction-charges-after-trying-to-take-three-kids-to-belarus,Lithuanian parents face child abduction charges after trying to take three kids to Belarus,/img/2023/08/01/1562118-36900-150x84.jpg
/en/news-in-english/19/2048578/growing-number-of-foreigners-live-in-lithuania,Growing number of foreigners live in Lithuania,/img/2023/07/10/1547249-488495-150x84.jpg
/en/news-in-english/19/2049675/lrt-english-newsletter-one-hundred-wagnerites-at-the-pass-of-suwalki,LRT English Newsletter: One hundred Wagnerites at the pass of Suwalki,
/en/news-in-english/19/2050191/matter-of-time-until-lithuania-closes-belarus-border-says-mp,"Matter of time until Lithuania closes Belarus border, says MP",
/en/news-in-english/19/2050316/lithuania-to-use-eur243m-bank-solidarity-tax-revenue-to-fund-military-projects,Lithuania to use â¬243m bank âsolidarityâ tax revenue to fund military projects,/img/2019/04/16/410807-1090-393x221.jpg
/en/news-in-english/19/2050171/lithuania-s-jewish-community-calls-to-remove-monument-of-accused-nazi-collaborator,Lithuaniaâs Jewish community calls to remove monument of accused Nazi collaborator,/img/2019/07/09/466973-131105-393x221.jpg
/en/news-in-english/19/2049707/zurauskas-appointed-lithuania-s-ambassador-to-romania,Å½urauskas appointed Lithuania's ambassador to Romania,/img/2021/06/11/988108-396135-393x221.jpg
/en/news-in-english/19/2050191/matter-of-time-until-lithuania-closes-belarus-border-says-mp,"Matter of time until Lithuania closes Belarus border, says MP",/img/2022/05/08/1255124-807699-615x345.jpg
/en/news-in-english/19/2049707/zurauskas-appointed-lithuania-s-ambassador-to-romania,Å½urauskas appointed Lithuania's ambassador to Romania,/img/2021/06/11/988108-396135-393x221.jpg
/en/news-in-english/19/2049627/brussels-welcomes-baltic-deal-to-speed-up-decoupling-from-russian-power-grid,Brussels welcomes Baltic deal to speed up decoupling from Russian power grid,/img/2022/12/29/1417605-586210-393x221.jpg
/en/news-in-english/19/2049367/wagner-takes-up-positions-near-polish-lithuanian-borders-says-president,"Wagner âtakes up positionsâ near Polish, Lithuanian borders, says president",/img/2023/08/03/1563105-666077-393x221.jpg
/en/news-in-english/19/2049289/panic-in-warsaw-about-wagner-is-absurd-says-polish-colonel,"Panic in Warsaw about Wagner is âabsurdâ, says Polish colonel",/img/2023/07/17/1552489-864-393x221.jpg
/en/news-in-english/19/2048134/belarusian-connection-revealed-in-children-s-abductions-from-ukraine,Belarusian connection revealed in childrenâs abductions from Ukraine,/img/2023/05/16/1512661-541091-615x345.jpg
/en/news-in-english/19/2048025/wagner-mercenaries-not-moving-towards-suwalki-gap-says-lukashenko,"Wagner mercenaries not moving towards Suwalki Gap, says Lukashenko",/img/2023/04/02/1483243-879820-615x345.jpg
/en/news-in-english/19/2045926/lithuania-hands-in-note-to-belarus-over-launch-of-astravyets-npp-s-2nd-unit,Lithuania hands in note to Belarus over launch of Astravyets NPPâs 2nd unit,/img/2020/11/09/769589-568687-615x345.jpg
/en/news-in-english/19/2045661/minsk-authorities-auction-off-tikhanovskaya-s-apartment,Minsk authorities auction off Tikhanovskayaâs apartment,/img/2022/05/24/1268309-734695-615x345.jpg
/en/news-in-english/19/2050316/lithuania-to-use-eur243m-bank-solidarity-tax-revenue-to-fund-military-projects,Lithuania to use â¬243m bank âsolidarityâ tax revenue to fund military projects,/img/2019/04/16/410807-1090-615x345.jpg
/en/news-in-english/19/2049558/poland-positive-about-easing-ukrainian-grain-transit-to-baltic-states,Poland âpositiveâ about easing Ukrainian grain transit to Baltic states,/img/2022/05/31/1273020-347710-615x345.png
/en/news-in-english/19/2049214/some-140-lithuanian-companies-continue-working-in-russia,Some 140 Lithuanian companies continue working in Russia,/img/2019/06/05/443063-83143-615x345.jpg
/en/news-in-english/19/2048748/baltics-agree-to-unplug-from-russian-power-grid-in-february-2025,Baltics agree to unplug from Russian power grid in February 2025,/img/2023/05/29/1521215-560941-615x345.jpg
/en/news-in-english/19/2050171/lithuania-s-jewish-community-calls-to-remove-monument-of-accused-nazi-collaborator,Lithuaniaâs Jewish community calls to remove monument of accused Nazi collaborator,/img/2019/07/09/466973-131105-615x345.jpg
/en/news-in-english/19/2048905/lithuania-marks-roma-genocide-remembrance-day,Lithuania marks Roma Genocide Remembrance Day,/img/2023/08/02/1562654-246259-615x345.jpg
/en/news-in-english/19/2048578/growing-number-of-foreigners-live-in-lithuania,Growing number of foreigners live in Lithuania,/img/2023/07/10/1547249-488495-615x345.jpg
/en/news-in-english/19/2048086/after-wave-of-emigration-more-lithuanians-want-to-head-home,"After wave of emigration, more Lithuanians want to head home",/img/2023/08/01/1562090-563942-615x345.jpg
/en/news-in-english/19/2049675/lrt-english-newsletter-one-hundred-wagnerites-at-the-pass-of-suwalki,LRT English Newsletter: One hundred Wagnerites at the pass of Suwalki,/img/2023/08/03/1563144-839567-615x345.jpg
/en/news-in-english/19/2048699/sovereigns-what-s-behind-the-anti-state-movement-in-lithuania,Sovereigns â whatâs behind the anti-state movement in Lithuania?,/img/2023/08/02/1562672-922656-615x345.jpg
/en/news-in-english/19/2047216/we-should-mine-the-border-as-wagner-arrives-in-belarus-vilnius-and-warsaw-opt-for-different-paths,"âWe should mine the borderâ: As Wagner arrives in Belarus, Vilnius and Warsaw opt for different paths",/img/2022/09/23/1349558-330657-615x345.jpg
/en/news-in-english/19/2044913/for-russians-in-tbilisi-the-writing-is-on-the-wall-opinion,"For Russians in Tbilisi, the writing is on the wall â opinion",/img/2023/07/27/1559568-551954-615x345.jpg
